[
    {"country": "DZ", "url": "https://flagcdn.com/dz.svg"},
    {"country": "AO", "url": "https://flagcdn.com/ao.svg"},
    {"country": "BJ", "url": "https://flagcdn.com/bj.svg"},
    {"country": "BW", "url": "https://flagcdn.com/bw.svg"},
    {"country": "BF", "url": "https://flagcdn.com/bf.svg"},
    {"country": "BI", "url": "https://flagcdn.com/bi.svg"},
    {"country": "CM", "url": "https://flagcdn.com/cm.svg"},
    {"country": "CV", "url": "https://flagcdn.com/cv.svg"},
    {"country": "CF", "url": "https://flagcdn.com/cf.svg"},
    {"country": "TD", "url": "https://flagcdn.com/td.svg"},
    {"country": "KM", "url": "https://flagcdn.com/km.svg"},
    {"country": "CG", "url": "https://flagcdn.com/cg.svg"},
    {"country": "CD", "url": "https://flagcdn.com/cd.svg"},
    {"country": "DJ", "url": "https://flagcdn.com/dj.svg"},
    {"country": "EG", "url": "https://flagcdn.com/eg.svg"},
    {"country": "GQ", "url": "https://flagcdn.com/gq.svg"},
    {"country": "ER", "url": "https://flagcdn.com/er.svg"},
    {"country": "SZ", "url": "https://flagcdn.com/sz.svg"},
    {"country": "ET", "url": "https://flagcdn.com/et.svg"},
    {"country": "GA", "url": "https://flagcdn.com/ga.svg"},
    {"country": "GM", "url": "https://flagcdn.com/gm.svg"},
    {"country": "GH", "url": "https://flagcdn.com/gh.svg"},
    {"country": "GN", "url": "https://flagcdn.com/gn.svg"},
    {"country": "GW", "url": "https://flagcdn.com/gw.svg"},
    {"country": "KE", "url": "https://flagcdn.com/ke.svg"},
    {"country": "LS", "url": "https://flagcdn.com/ls.svg"},
    {"country": "LR", "url": "https://flagcdn.com/lr.svg"},
    {"country": "LY", "url": "https://flagcdn.com/ly.svg"},
    {"country": "MG", "url": "https://flagcdn.com/mg.svg"},
    {"country": "MW", "url": "https://flagcdn.com/mw.svg"},
    {"country": "ML", "url": "https://flagcdn.com/ml.svg"},
    {"country": "MR", "url": "https://flagcdn.com/mr.svg"},
    {"country": "MU", "url": "https://flagcdn.com/mu.svg"},
    {"country": "MA", "url": "https://flagcdn.com/ma.svg"},
    {"country": "MZ", "url": "https://flagcdn.com/mz.svg"},
    {"country": "NA", "url": "https://flagcdn.com/na.svg"},
    {"country": "NE", "url": "https://flagcdn.com/ne.svg"},
    {"country": "NG", "url": "https://flagcdn.com/ng.svg"},
    {"country": "RW", "url": "https://flagcdn.com/rw.svg"},
    {"country": "ST", "url": "https://flagcdn.com/st.svg"},
    {"country": "SN", "url": "https://flagcdn.com/sn.svg"},
    {"country": "SC", "url": "https://flagcdn.com/sc.svg"},
    {"country": "SL", "url": "https://flagcdn.com/sl.svg"},
    {"country": "SO", "url": "https://flagcdn.com/so.svg"},
    {"country": "ZA", "url": "https://flagcdn.com/za.svg"},
    {"country": "SS", "url": "https://flagcdn.com/ss.svg"},
    {"country": "SD", "url": "https://flagcdn.com/sd.svg"},
    {"country": "TZ", "url": "https://flagcdn.com/tz.svg"},
    {"country": "TG", "url": "https://flagcdn.com/tg.svg"},
    {"country": "TN", "url": "https://flagcdn.com/tn.svg"},
    {"country": "UG", "url": "https://flagcdn.com/ug.svg"},
    {"country": "ZM", "url": "https://flagcdn.com/zm.svg"},
    {"country": "ZW", "url": "https://flagcdn.com/zw.svg"},
    {"country": "CI", "url": "https://flagcdn.com/ci.svg"}
]
