[
    {"country": "AF", "url": "https://flagcdn.com/af.svg"},
    {"country": "AM", "url": "https://flagcdn.com/am.svg"},
    {"country": "AZ", "url": "https://flagcdn.com/az.svg"},
    {"country": "BH", "url": "https://flagcdn.com/bh.svg"},
    {"country": "BD", "url": "https://flagcdn.com/bd.svg"},
    {"country": "BT", "url": "https://flagcdn.com/bt.svg"},
    {"country": "BN", "url": "https://flagcdn.com/bn.svg"},
    {"country": "MM", "url": "https://flagcdn.com/mm.svg"},
    {"country": "KH", "url": "https://flagcdn.com/kh.svg"},
    {"country": "CN", "url": "https://flagcdn.com/cn.svg"},
    {"country": "CY", "url": "https://flagcdn.com/cy.svg"},
    {"country": "GE", "url": "https://flagcdn.com/ge.svg"},
    {"country": "IN", "url": "https://flagcdn.com/in.svg"},
    {"country": "ID", "url": "https://flagcdn.com/id.svg"},
    {"country": "IR", "url": "https://flagcdn.com/ir.svg"},
    {"country": "IQ", "url": "https://flagcdn.com/iq.svg"},
    {"country": "IL", "url": "https://flagcdn.com/il.svg"},
    {"country": "JP", "url": "https://flagcdn.com/jp.svg"},
    {"country": "JO", "url": "https://flagcdn.com/jo.svg"},
    {"country": "KZ", "url": "https://flagcdn.com/kz.svg"},
    {"country": "KW", "url": "https://flagcdn.com/kw.svg"},
    {"country": "KG", "url": "https://flagcdn.com/kg.svg"},
    {"country": "LA", "url": "https://flagcdn.com/la.svg"},
    {"country": "LB", "url": "https://flagcdn.com/lb.svg"},
    {"country": "MY", "url": "https://flagcdn.com/my.svg"},
    {"country": "MV", "url": "https://flagcdn.com/mv.svg"},
    {"country": "MN", "url": "https://flagcdn.com/mn.svg"},
    {"country": "NP", "url": "https://flagcdn.com/np.svg"},
    {"country": "RU", "url": "https://flagcdn.com/ru.svg"},
    {"country": "OM", "url": "https://flagcdn.com/om.svg"},
    {"country": "PK", "url": "https://flagcdn.com/pk.svg"},
    {"country": "PH", "url": "https://flagcdn.com/ph.svg"},
    {"country": "QA", "url": "https://flagcdn.com/qa.svg"},
    {"country": "SA", "url": "https://flagcdn.com/sa.svg"},
    {"country": "SG", "url": "https://flagcdn.com/sg.svg"},
    {"country": "KR", "url": "https://flagcdn.com/kr.svg"},
    {"country": "LK", "url": "https://flagcdn.com/lk.svg"},
    {"country": "SY", "url": "https://flagcdn.com/sy.svg"},
    {"country": "TW", "url": "https://flagcdn.com/tw.svg"},
    {"country": "TJ", "url": "https://flagcdn.com/tj.svg"},
    {"country": "TH", "url": "https://flagcdn.com/th.svg"},
    {"country": "TL", "url": "https://flagcdn.com/tl.svg"},
    {"country": "TR", "url": "https://flagcdn.com/tr.svg"},
    {"country": "TM", "url": "https://flagcdn.com/tm.svg"},
    {"country": "AE", "url": "https://flagcdn.com/ae.svg"},
    {"country": "UZ", "url": "https://flagcdn.com/uz.svg"},
    {"country": "VN", "url": "https://flagcdn.com/vn.svg"},
    {"country": "YE", "url": "https://flagcdn.com/ye.svg"}
]
