[
    {"country": "AL", "url": "https://flagcdn.com/al.svg"},
    {"country": "AD", "url": "https://flagcdn.com/ad.svg"},
    {"country": "AT", "url": "https://flagcdn.com/at.svg"},
    {"country": "BY", "url": "https://flagcdn.com/by.svg"},
    {"country": "BE", "url": "https://flagcdn.com/be.svg"},
    {"country": "BA", "url": "https://flagcdn.com/ba.svg"},
    {"country": "BG", "url": "https://flagcdn.com/bg.svg"},
    {"country": "HR", "url": "https://flagcdn.com/hr.svg"},
    {"country": "CZ", "url": "https://flagcdn.com/cz.svg"},
    {"country": "DK", "url": "https://flagcdn.com/dk.svg"},
    {"country": "EE", "url": "https://flagcdn.com/ee.svg"},
    {"country": "FI", "url": "https://flagcdn.com/fi.svg"},
    {"country": "FR", "url": "https://flagcdn.com/fr.svg"},
    {"country": "DE", "url": "https://flagcdn.com/de.svg"},
    {"country": "GR", "url": "https://flagcdn.com/gr.svg"},
    {"country": "HU", "url": "https://flagcdn.com/hu.svg"},
    {"country": "IS", "url": "https://flagcdn.com/is.svg"},
    {"country": "IE", "url": "https://flagcdn.com/ie.svg"},
    {"country": "IT", "url": "https://flagcdn.com/it.svg"},
    {"country": "LV", "url": "https://flagcdn.com/lv.svg"},
    {"country": "LI", "url": "https://flagcdn.com/li.svg"},
    {"country": "LT", "url": "https://flagcdn.com/lt.svg"},
    {"country": "LU", "url": "https://flagcdn.com/lu.svg"},
    {"country": "MT", "url": "https://flagcdn.com/mt.svg"},
    {"country": "MD", "url": "https://flagcdn.com/md.svg"},
    {"country": "MC", "url": "https://flagcdn.com/mc.svg"},
    {"country": "ME", "url": "https://flagcdn.com/me.svg"},
    {"country": "NL", "url": "https://flagcdn.com/nl.svg"},
    {"country": "MK", "url": "https://flagcdn.com/mk.svg"},
    {"country": "NO", "url": "https://flagcdn.com/no.svg"},
    {"country": "PL", "url": "https://flagcdn.com/pl.svg"},
    {"country": "PT", "url": "https://flagcdn.com/pt.svg"},
    {"country": "RO", "url": "https://flagcdn.com/ro.svg"},
    {"country": "RU", "url": "https://flagcdn.com/ru.svg"},
    {"country": "SM", "url": "https://flagcdn.com/sm.svg"},
    {"country": "RS", "url": "https://flagcdn.com/rs.svg"},
    {"country": "SK", "url": "https://flagcdn.com/sk.svg"},
    {"country": "SI", "url": "https://flagcdn.com/si.svg"},
    {"country": "ES", "url": "https://flagcdn.com/es.svg"},
    {"country": "SE", "url": "https://flagcdn.com/se.svg"},
    {"country": "CH", "url": "https://flagcdn.com/ch.svg"},
    {"country": "UA", "url": "https://flagcdn.com/ua.svg"},
    {"country": "GB", "url": "https://flagcdn.com/gb.svg"},
    {"country": "VA", "url": "https://flagcdn.com/va.svg"}
]
