[
    {"country": "AG", "url": "https://flagcdn.com/ag.svg"},
    {"country": "BS", "url": "https://flagcdn.com/bs.svg"},
    {"country": "BB", "url": "https://flagcdn.com/bb.svg"},
    {"country": "BZ", "url": "https://flagcdn.com/bz.svg"},
    {"country": "CA", "url": "https://flagcdn.com/ca.svg"},
    {"country": "CR", "url": "https://flagcdn.com/cr.svg"},
    {"country": "CU", "url": "https://flagcdn.com/cu.svg"},
    {"country": "DM", "url": "https://flagcdn.com/dm.svg"},
    {"country": "DO", "url": "https://flagcdn.com/do.svg"},
    {"country": "SV", "url": "https://flagcdn.com/sv.svg"},
    {"country": "GD", "url": "https://flagcdn.com/gd.svg"},
    {"country": "GT", "url": "https://flagcdn.com/gt.svg"},
    {"country": "HT", "url": "https://flagcdn.com/ht.svg"},
    {"country": "HN", "url": "https://flagcdn.com/hn.svg"},
    {"country": "JM", "url": "https://flagcdn.com/jm.svg"},
    {"country": "MX", "url": "https://flagcdn.com/mx.svg"},
    {"country": "NI", "url": "https://flagcdn.com/ni.svg"},
    {"country": "PA", "url": "https://flagcdn.com/pa.svg"},
    {"country": "KN", "url": "https://flagcdn.com/kn.svg"},
    {"country": "LC", "url": "https://flagcdn.com/lc.svg"},
    {"country": "VC", "url": "https://flagcdn.com/vc.svg"},
    {"country": "TT", "url": "https://flagcdn.com/tt.svg"},
    {"country": "US", "url": "https://flagcdn.com/us.svg"}
]
