[
    {"country": "AR", "url": "https://flagcdn.com/ar.svg"},
    {"country": "BO", "url": "https://flagcdn.com/bo.svg"},
    {"country": "BR", "url": "https://flagcdn.com/br.svg"},
    {"country": "CL", "url": "https://flagcdn.com/cl.svg"},
    {"country": "CO", "url": "https://flagcdn.com/co.svg"},
    {"country": "EC", "url": "https://flagcdn.com/ec.svg"},
    {"country": "GY", "url": "https://flagcdn.com/gy.svg"},
    {"country": "PY", "url": "https://flagcdn.com/py.svg"},
    {"country": "PE", "url": "https://flagcdn.com/pe.svg"},
    {"country": "SR", "url": "https://flagcdn.com/sr.svg"},
    {"country": "UY", "url": "https://flagcdn.com/uy.svg"},
    {"country": "VE", "url": "https://flagcdn.com/ve.svg"}
]
